del,del_nom,gou,gou_nom,reg,reg_nom,zon,zon_nom,cap_gou,Nahdha_2014,Nidaa_2014,Takatol_2014,Afek_2014,Tayar_2014,Jomhouri_2014,Jabha_2014
TS1110,Bab-Bhar,TS111,Tunis,TS11,Nord-est,TS1,Nord,1,3723,10071,93,772,663,309,1013
TS1111,Bab-Souika,TS111,Tunis,TS11,Nord-est,TS1,Nord,0,3676,5274,64,492,445,183,346
TS1112,Le-Bardo,TS111,Tunis,TS11,Nord-est,TS1,Nord,0,8285,16108,0,1636,1303,565,1272
TS1113,Carthage,TS111,Tunis,TS11,Nord-est,TS1,Nord,0,2418,9986,0,612,290,228,392
TS1114,Cite-El-Khadra,TS111,Tunis,TS11,Nord-est,TS1,Nord,0,3108,8197,0,732,495,212,417
TS1115,El-Menzah,TS111,Tunis,TS11,Nord-est,TS1,Nord,0,2237,17907,0,1336,449,288,708
TS1116,El-Ouerdia,TS111,Tunis,TS11,Nord-est,TS1,Nord,0,4175,4443,77,467,533,204,352
TS1117,Ettahrir,TS111,Tunis,TS11,Nord-est,TS1,Nord,0,2733,3662,0,394,404,157,286
TS1118,El-Hrairia,TS111,Tunis,TS11,Nord-est,TS1,Nord,0,10494,9162,155,836,1041,445,875
TS1119,Jebel-Jelloud,TS111,Tunis,TS11,Nord-est,TS1,Nord,0,2349,2617,28,116,156,301,195
TS111A,El-Kabbaria,TS111,Tunis,TS11,Nord-est,TS1,Nord,0,8775,8059,119,764,971,461,849
TS111B,La-Goulette,TS111,Tunis,TS11,Nord-est,TS1,Nord,0,3213,10406,0,945,511,249,518
TS111C,La-Marsa,TS111,Tunis,TS11,Nord-est,TS1,Nord,0,5794,23757,0,1469,714,620,985
TS111D,La-Medina,TS111,Tunis,TS11,Nord-est,TS1,Nord,0,3042,4459,70,340,296,186,342
TS111E,El-Omrane-Superieur,TS111,Tunis,TS11,Nord-est,TS1,Nord,0,6296,7940,0,768,800,321,695
TS111F,El-Omrane,TS111,Tunis,TS11,Nord-est,TS1,Nord,0,3443,5735,0,391,358,185,310
TS111G,Sidi-El-Bechir,TS111,Tunis,TS11,Nord-est,TS1,Nord,0,2952,3844,62,390,324,148,288
TS111H,Sidi-Hassine,TS111,Tunis,TS11,Nord-est,TS1,Nord,0,7420,5882,89,345,369,347,599
TS111I,Essijoumi,TS111,Tunis,TS11,Nord-est,TS1,Nord,0,1887,1351,35,88,106,80,63
TS1120,Ariana-Ville,TS112,Ariana,TS11,Nord-est,TS1,Nord,1,8667,37712,366,2993,1394,1183,1442
TS1121,Ettadhamen,TS112,Ariana,TS11,Nord-est,TS1,Nord,0,6901,5599,95,275,494,208,375
TS1122,Kalaat-Landlous,TS112,Ariana,TS11,Nord-est,TS1,Nord,0,1951,2704,31,87,97,115,99
TS1123,Mnihla,TS112,Ariana,TS11,Nord-est,TS1,Nord,0,5828,5416,81,298,372,210,426
TS1124,Raoued,TS112,Ariana,TS11,Nord-est,TS1,Nord,0,8181,12448,189,1230,909,662,951
TS1125,Sidi-Thabet,TS112,Ariana,TS11,Nord-est,TS1,Nord,0,2223,2317,19,96,120,124,75
TS1126,La-Soukra,TS112,Ariana,TS11,Nord-est,TS1,Nord,0,8708,16573,254,1287,950,609,818
TS1130,Ben-Arous,TS113,Ben Arous,TS11,Nord-est,TS1,Nord,1,3832,5088,89,363,551,321,588
TS1131,Bou-Mhel-El-Bassatine,TS113,Ben Arous,TS11,Nord-est,TS1,Nord,0,3259,5921,97,475,525,372,556
TS1132,El-Mourouj,TS113,Ben Arous,TS11,Nord-est,TS1,Nord,0,11246,13135,278,1343,1497,994,2106
TS1133,Ezzahra,TS113,Ben Arous,TS11,Nord-est,TS1,Nord,0,3048,8171,93,609,486,413,784
TS1134,Fouchana,TS113,Ben Arous,TS11,Nord-est,TS1,Nord,0,6886,5583,137,333,493,599,724
TS1135,Hammam-Chatt,TS113,Ben Arous,TS11,Nord-est,TS1,Nord,0,3545,5240,78,492,516,357,737
TS1136,Hammam-Lif,TS113,Ben Arous,TS11,Nord-est,TS1,Nord,0,4118,8528,116,477,472,315,641
TS1137,Mohamadia,TS113,Ben Arous,TS11,Nord-est,TS1,Nord,0,6149,3819,74,269,330,345,509
TS1138,Megrine,TS113,Ben Arous,TS11,Nord-est,TS1,Nord,0,2670,6244,59,475,472,311,544
TS1139,Mornag,TS113,Ben Arous,TS11,Nord-est,TS1,Nord,0,5217,6490,145,454,437,436,565
TS113A,Nouvelle-Medina,TS113,Ben Arous,TS11,Nord-est,TS1,Nord,0,5897,7093,89,649,749,483,827
TS113B,Rades,TS113,Ben Arous,TS11,Nord-est,TS1,Nord,0,5553,9047,122,838,698,739,953
TS1140,Borj-Amri,TS114,Manubah,TS11,Nord-est,TS1,Nord,1,1169,2070,31,59,58,65,83
TS1141,Douar-Hicher,TS114,Manubah,TS11,Nord-est,TS1,Nord,0,5384,5280,164,395,329,198,382
TS1142,El-Battan,TS114,Manubah,TS11,Nord-est,TS1,Nord,0,1238,1945,27,90,66,46,98
TS1143,jedaida,TS114,Manubah,TS11,Nord-est,TS1,Nord,0,3903,3560,82,157,183,124,251
TS1144,Manouba,TS114,Manubah,TS11,Nord-est,TS1,Nord,0,7384,11558,167,1353,1232,440,1026
TS1145,Mornaguia,TS114,Manubah,TS11,Nord-est,TS1,Nord,0,4205,3930,83,285,318,230,261
TS1146,Oued-Ellil,TS114,Manubah,TS11,Nord-est,TS1,Nord,0,6450,5605,146,410,492,233,590
TS1147,Tborba,TS114,Manubah,TS11,Nord-est,TS1,Nord,0,3331,4061,161,178,147,129,290
TS1150,Beni-Khalled,TS115,Nabeul,TS11,Nord-est,TS1,Nord,1,2402,6929,50,202,194,140,350
TS1151,Beni-Khiar,TS115,Nabeul,TS11,Nord-est,TS1,Nord,0,4210,8370,142,656,453,604,375
TS1152,Bou-Argoub,TS115,Nabeul,TS11,Nord-est,TS1,Nord,0,2021,5110,51,148,106,151,347
TS1153,Dar-Chaabane-El-Fehri,TS115,Nabeul,TS11,Nord-est,TS1,Nord,0,4555,8087,161,1069,584,267,400
TS1154,El-Mida,TS115,Nabeul,TS11,Nord-est,TS1,Nord,0,1298,3009,54,798,61,58,307
TS1155,Grombalia,TS115,Nabeul,TS11,Nord-est,TS1,Nord,0,5088,10219,78,390,342,241,841
TS1156,Hammam-El-Ghezaz,TS115,Nabeul,TS11,Nord-est,TS1,Nord,0,1260,2321,39,109,56,66,278
TS1157,Hammamet,TS115,Nabeul,TS11,Nord-est,TS1,Nord,0,6285,18333,155,1652,481,594,763
TS1158,El-Haouaria,TS115,Nabeul,TS11,Nord-est,TS1,Nord,0,1901,5889,118,240,125,153,694
TS1159,Korba,TS115,Nabeul,TS11,Nord-est,TS1,Nord,0,4678,9118,302,907,378,327,408
TS115A,Menzel-Bouzelfa,TS115,Nabeul,TS11,Nord-est,TS1,Nord,0,2264,8163,111,254,185,140,363
TS115B,Menzel-Temime,TS115,Nabeul,TS11,Nord-est,TS1,Nord,0,3290,8305,122,625,445,255,1986
TS115C,Nabeul,TS115,Nabeul,TS11,Nord-est,TS1,Nord,0,4959,18928,125,1733,602,403,754
TS115D,Soliman,TS115,Nabeul,TS11,Nord-est,TS1,Nord,0,4025,7527,40,324,457,206,855
TS115E,Takelsa,TS115,Nabeul,TS11,Nord-est,TS1,Nord,0,1393,3966,24,61,59,50,481
TS1160,Bir-Mcherga,TS116,Zaghouan,TS11,Nord-est,TS1,Nord,1,1809,1564,87,70,39,79,202
TS1161,El-Fahs,TS116,Zaghouan,TS11,Nord-est,TS1,Nord,0,2772,4801,65,128,112,378,283
TS1162,Ennadhour,TS116,Zaghouan,TS11,Nord-est,TS1,Nord,0,2175,1870,30,463,54,157,166
TS1163,Saouef,TS116,Zaghouan,TS11,Nord-est,TS1,Nord,0,722,1409,32,74,20,93,60
TS1164,Zaghouan,TS116,Zaghouan,TS11,Nord-est,TS1,Nord,0,2495,5684,120,373,150,164,498
TS1165,Zriba,TS116,Zaghouan,TS11,Nord-est,TS1,Nord,0,1747,2888,18,92,51,44,182
TS1170,Bizerte-Nord,TS117,Bizerte,TS11,Nord-est,TS1,Nord,1,9413,11282,244,1325,1561,361,782
TS1171,Bizerte-Sud,TS117,Bizerte,TS11,Nord-est,TS1,Nord,0,3118,3390,111,183,249,161,173
TS1172,El-Alia,TS117,Bizerte,TS11,Nord-est,TS1,Nord,0,2982,1873,32,107,108,100,108
TS1173,Ghar-El-Melh,TS117,Bizerte,TS11,Nord-est,TS1,Nord,0,2189,1997,35,32,89,74,36
TS1174,Ghezala,TS117,Bizerte,TS11,Nord-est,TS1,Nord,0,817,1769,51,54,30,41,101
TS1175,Joumine,TS117,Bizerte,TS11,Nord-est,TS1,Nord,0,1185,1690,126,87,43,264,82
TS1176,Mateur,TS117,Bizerte,TS11,Nord-est,TS1,Nord,0,2087,5601,68,198,202,151,301
TS1177,Menzel-Bourguiba,TS117,Bizerte,TS11,Nord-est,TS1,Nord,0,5178,7408,93,482,306,242,453
TS1178,Menzel-Jemil,TS117,Bizerte,TS11,Nord-est,TS1,Nord,0,3630,4414,118,482,421,242,284
TS1179,Ras-Jebel,TS117,Bizerte,TS11,Nord-est,TS1,Nord,0,5541,7600,137,327,452,589,646
TS117A,Sejnane,TS117,Bizerte,TS11,Nord-est,TS1,Nord,0,1665,2725,50,174,42,80,304
TS117B,Tinja,TS117,Bizerte,TS11,Nord-est,TS1,Nord,0,1665,2746,35,123,135,83,157
TS117C,Utique,TS117,Bizerte,TS11,Nord-est,TS1,Nord,0,1214,1569,36,61,45,56,52
TS1210,Amdoun,TS121,Beja,TS12,Nord-ouest,TS1,Nord,1,931,2116,0,25,27,41,134
TS1211,Beja-Nord,TS121,Beja,TS12,Nord-ouest,TS1,Nord,0,4285,8614,0,211,354,269,717
TS1212,Beja-Sud,TS121,Beja,TS12,Nord-ouest,TS1,Nord,0,2310,5306,0,148,247,461,400
TS1213,Goubellat,TS121,Beja,TS12,Nord-ouest,TS1,Nord,0,331,515,0,31,23,21,64
TS1214,Mejez-El-Bab,TS121,Beja,TS12,Nord-ouest,TS1,Nord,0,2497,4300,0,165,127,130,295
TS1215,Nefza,TS121,Beja,TS12,Nord-ouest,TS1,Nord,0,3025,2196,0,56,34,50,238
TS1216,Teboursouk,TS121,Beja,TS12,Nord-ouest,TS1,Nord,0,1221,2156,0,62,48,57,338
TS1217,Testour,TS121,Beja,TS12,Nord-ouest,TS1,Nord,0,1644,4134,0,148,143,121,344
TS1218,Thibar,TS121,Beja,TS12,Nord-ouest,TS1,Nord,0,630,1120,0,28,20,296,52
TS1220,Ain-Draham,TS122,Jendouba,TS12,Nord-ouest,TS1,Nord,1,1733,3425,100,187,67,65,430
TS1221,Balta-Bou-Aouene,TS122,Jendouba,TS12,Nord-ouest,TS1,Nord,0,1290,2410,122,58,45,137,267
TS1222,Bou-Salem,TS122,Jendouba,TS12,Nord-ouest,TS1,Nord,0,2261,4606,226,90,137,501,842
TS1223,Fernana,TS122,Jendouba,TS12,Nord-ouest,TS1,Nord,0,1837,2801,52,39,69,92,262
TS1224,Ghardimaou,TS122,Jendouba,TS12,Nord-ouest,TS1,Nord,0,2126,4481,47,70,65,133,1120
TS1225,Jendouba-Nord,TS122,Jendouba,TS12,Nord-ouest,TS1,Nord,0,1894,3746,51,78,78,86,513
TS1226,Jendouba,TS122,Jendouba,TS12,Nord-ouest,TS1,Nord,0,4794,7437,119,449,166,193,1889
TS1227,Oued-Mliz,TS122,Jendouba,TS12,Nord-ouest,TS1,Nord,0,812,1824,14,50,27,34,380
TS1228,Tabarka,TS122,Jendouba,TS12,Nord-ouest,TS1,Nord,0,3082,3754,137,97,93,108,683
TS1230,Dahmani,TS123,Le Kef,TS12,Nord-ouest,TS1,Nord,1,1354,2964,24,38,66,64,684
TS1231,Sers,TS123,Le Kef,TS12,Nord-ouest,TS1,Nord,0,1102,3132,46,31,39,47,283
TS1232,Jerissa,TS123,Le Kef,TS12,Nord-ouest,TS1,Nord,0,680,1386,9,12,45,40,184
TS1233,Kalaa-El-Khasba,TS123,Le Kef,TS12,Nord-ouest,TS1,Nord,0,388,657,9,12,25,13,135
TS1234,Kalaat-Sinane,TS123,Le Kef,TS12,Nord-ouest,TS1,Nord,0,791,1844,66,27,33,33,149
TS1235,Le-Kef-Est,TS123,Le Kef,TS12,Nord-ouest,TS1,Nord,0,2243,8845,39,150,151,135,1177
TS1236,Le-Kef-Ouest,TS123,Le Kef,TS12,Nord-ouest,TS1,Nord,0,1830,6165,23,143,131,115,834
TS1237,El-Ksour,TS123,Le Kef,TS12,Nord-ouest,TS1,Nord,0,789,1348,12,29,21,39,140
TS1238,Nebeur,TS123,Le Kef,TS12,Nord-ouest,TS1,Nord,0,887,2993,27,43,44,65,344
TS1239,Sakiet-Sidi-Youssef,TS123,Le Kef,TS12,Nord-ouest,TS1,Nord,0,726,2358,11,22,15,36,88
TS123A,Tajerouine,TS123,Le Kef,TS12,Nord-ouest,TS1,Nord,0,1882,3193,27,79,122,70,1002
TS1240,Bargou,TS124,Siliana,TS12,Nord-ouest,TS1,Nord,1,479,1596,13,16,31,254,344
TS1241,Bou-Arada,TS124,Siliana,TS12,Nord-ouest,TS1,Nord,0,1056,1046,22,46,50,221,991
TS1242,Sidi-Bou-Rouis,TS124,Siliana,TS12,Nord-ouest,TS1,Nord,0,680,848,17,14,33,245,588
TS1243,Le-Krib,TS124,Siliana,TS12,Nord-ouest,TS1,Nord,0,973,2550,43,28,43,159,379
TS1244,Gaafour,TS124,Siliana,TS12,Nord-ouest,TS1,Nord,0,945,1203,36,26,31,267,722
TS1245,Kesra,TS124,Siliana,TS12,Nord-ouest,TS1,Nord,0,543,844,90,23,29,120,175
TS1246,El-Aroussa,TS124,Siliana,TS12,Nord-ouest,TS1,Nord,0,640,488,3,10,19,53,937
TS1247,Makther,TS124,Siliana,TS12,Nord-ouest,TS1,Nord,0,1498,1338,831,27,39,225,487
TS1248,Rouhia,TS124,Siliana,TS12,Nord-ouest,TS1,Nord,0,458,1508,56,18,22,55,164
TS1249,Siliana-Nord,TS124,Siliana,TS12,Nord-ouest,TS1,Nord,0,1343,3233,104,66,96,1233,1060
TS124A,Siliana-Sud,TS124,Siliana,TS12,Nord-ouest,TS1,Nord,0,1442,1964,74,78,151,1321,715
TS2110,Akouda,TS211,Sousse,TS21,Centre-est,TS2,Centre,1,2340,6354,64,813,91,117,194
TS2111,Bou-Ficha,TS211,Sousse,TS21,Centre-est,TS2,Centre,0,1883,4011,90,125,96,61,90
TS2112,Nfidha,TS211,Sousse,TS21,Centre-est,TS2,Centre,0,2941,4955,116,120,56,112,918
TS2113,Hamem-Sousse,TS211,Sousse,TS21,Centre-est,TS2,Centre,0,2242,10683,71,787,160,160,603
TS2114,Hergla,TS211,Sousse,TS21,Centre-est,TS2,Centre,0,740,1823,28,87,6,18,38
TS2115,Kalaa-Kobra,TS211,Sousse,TS21,Centre-est,TS2,Centre,0,2979,4286,56,5369,69,69,133
TS2116,Kalaa-Soghra,TS211,Sousse,TS21,Centre-est,TS2,Centre,0,2751,6039,186,473,111,103,205
TS2117,Kondar,TS211,Sousse,TS21,Centre-est,TS2,Centre,0,1112,1239,34,54,17,11,38
TS2118,Mseken,TS211,Sousse,TS21,Centre-est,TS2,Centre,0,11727,9556,249,683,395,446,442
TS2119,Sidi-Bou-Ali,TS211,Sousse,TS21,Centre-est,TS2,Centre,0,1437,2965,59,253,20,421,438
TS211A,Sidi-El-Heni,TS211,Sousse,TS21,Centre-est,TS2,Centre,0,736,1490,34,73,18,36,18
TS211B,Sousse-Riadh,TS211,Sousse,TS21,Centre-est,TS2,Centre,0,6077,18883,162,1646,462,341,933
TS211C,Sousse-Ville,TS211,Sousse,TS21,Centre-est,TS2,Centre,0,2983,10373,98,715,201,146,346
TS211D,Sousse-Jaouhara,TS211,Sousse,TS21,Centre-est,TS2,Centre,0,5497,9896,102,694,329,215,748
TS211E,Sousse-Abdelhamid,TS211,Sousse,TS21,Centre-est,TS2,Centre,0,3189,5032,109,307,93,111,204
TS2120,Bekalta,TS212,Monastir,TS21,Centre-est,TS2,Centre,1,1252,2390,11,1317,50,74,49
TS2121,Bembla,TS212,Monastir,TS21,Centre-est,TS2,Centre,0,4033,3765,31,125,74,65,142
TS2122,Beni-Hassen,TS212,Monastir,TS21,Centre-est,TS2,Centre,0,849,3052,14,195,32,43,60
TS2123,Jemmal,TS212,Monastir,TS21,Centre-est,TS2,Centre,0,4820,11059,82,353,277,172,302
TS2124,Ksar-Helal,TS212,Monastir,TS21,Centre-est,TS2,Centre,0,2984,12548,49,601,250,161,582
TS2125,Ksibet-El-Mediouni,TS212,Monastir,TS21,Centre-est,TS2,Centre,0,2177,8798,33,377,157,107,227
TS2126,Moknine,TS212,Monastir,TS21,Centre-est,TS2,Centre,0,4064,14158,107,552,341,397,1720
TS2127,Monastir,TS212,Monastir,TS21,Centre-est,TS2,Centre,0,6885,23803,99,1250,646,476,1167
TS2128,Ouerdanine,TS212,Monastir,TS21,Centre-est,TS2,Centre,0,2379,4225,29,163,129,96,143
TS2129,Sayada-Lamta-Bou-Hajar,TS212,Monastir,TS21,Centre-est,TS2,Centre,0,1571,7028,38,284,110,111,409
TS212A,Teboulba,TS212,Monastir,TS21,Centre-est,TS2,Centre,0,3390,6379,30,907,167,85,127
TS212B,Zeramdine,TS212,Monastir,TS21,Centre-est,TS2,Centre,0,1635,3586,202,71,62,110,82
TS2130,Bou-Merdes,TS213,Mahdia,TS21,Centre-est,TS2,Centre,1,2378,4189,0,794,102,268,114
TS2131,La-Chebba,TS213,Mahdia,TS21,Centre-est,TS2,Centre,0,1213,5061,0,1240,164,199,618
TS2132,Chorbane,TS213,Mahdia,TS21,Centre-est,TS2,Centre,0,1807,2782,0,195,43,145,268
TS2133,El-Jem,TS213,Mahdia,TS21,Centre-est,TS2,Centre,0,2792,5193,0,342,99,320,118
TS2134,Hbira,TS213,Mahdia,TS21,Centre-est,TS2,Centre,0,1042,1037,0,79,25,39,51
TS2135,Ksour-Essaf,TS213,Mahdia,TS21,Centre-est,TS2,Centre,0,3048,7169,0,1561,187,241,193
TS2136,Mahdia,TS213,Mahdia,TS21,Centre-est,TS2,Centre,0,4064,11896,0,5269,440,469,814
TS2137,Melloulech,TS213,Mahdia,TS21,Centre-est,TS2,Centre,0,1147,2712,0,258,82,68,161
TS2138,Ouled-Chamakh,TS213,Mahdia,TS21,Centre-est,TS2,Centre,0,1146,2048,0,147,42,71,210
TS2139,Sidi-Alouene,TS213,Mahdia,TS21,Centre-est,TS2,Centre,0,2483,3499,0,804,31,72,80
TS213A,Souassi,TS213,Mahdia,TS21,Centre-est,TS2,Centre,0,3745,4862,0,226,44,259,588
TS2140,Agareb,TS214,Sfax,TS21,Centre-est,TS2,Centre,1,4902,5420,52,155,108,78,224
TS2141,Bir-Ali-Ben-Khelifa,TS214,Sfax,TS21,Centre-est,TS2,Centre,0,3914,3443,180,107,99,79,600
TS2142,El-Amra,TS214,Sfax,TS21,Centre-est,TS2,Centre,0,3478,1650,34,51,97,98,315
TS2143,Ghraiba,TS214,Sfax,TS21,Centre-est,TS2,Centre,0,1508,1232,10,59,39,28,47
TS2144,El-Hencha,TS214,Sfax,TS21,Centre-est,TS2,Centre,0,3574,4078,39,86,92,1420,413
TS2145,Jebeniana,TS214,Sfax,TS21,Centre-est,TS2,Centre,0,4365,3398,74,109,166,260,1503
TS2146,Kerkenah,TS214,Sfax,TS21,Centre-est,TS2,Centre,0,1100,2003,18,102,119,69,796
TS2147,Mahras,TS214,Sfax,TS21,Centre-est,TS2,Centre,0,2096,4434,96,197,185,198,354
TS2148,Menzel-Chaker,TS214,Sfax,TS21,Centre-est,TS2,Centre,0,2759,2611,54,133,72,150,361
TS2149,Sakiet-Eddaier,TS214,Sfax,TS21,Centre-est,TS2,Centre,0,15036,12487,262,1447,1801,697,1230
TS214A,Sakiet-Ezzit,TS214,Sfax,TS21,Centre-est,TS2,Centre,0,15383,13194,332,2305,2211,654,1195
TS214B,Sfax-Ville,TS214,Sfax,TS21,Centre-est,TS2,Centre,0,12201,20498,392,2192,1912,777,1949
TS214C,Sfax-Ouest,TS214,Sfax,TS21,Centre-est,TS2,Centre,0,13055,16818,321,1655,1666,820,1812
TS214D,Sfax-Sud,TS214,Sfax,TS21,Centre-est,TS2,Centre,0,16442,13589,398,1909,1685,613,868
TS214E,Esskhira,TS214,Sfax,TS21,Centre-est,TS2,Centre,0,2996,2604,31,241,32,214,148
TS2210,El-Ala,TS221,Kairouan,TS22,Centre-ouest,TS2,Centre,1,1311,1586,42,101,52,62,96
TS2211,Bou-Hajla,TS221,Kairouan,TS22,Centre-ouest,TS2,Centre,0,3416,2522,90,115,78,144,287
TS2212,Chebika,TS221,Kairouan,TS22,Centre-ouest,TS2,Centre,0,2827,1561,192,86,49,56,340
TS2213,Cherarda,TS221,Kairouan,TS22,Centre-ouest,TS2,Centre,0,1894,1117,48,10,76,222,286
TS2214,Haffouz,TS221,Kairouan,TS22,Centre-ouest,TS2,Centre,0,2583,2934,81,259,58,66,295
TS2215,Hajeb-El-Ayoun,TS221,Kairouan,TS22,Centre-ouest,TS2,Centre,0,1808,2741,58,109,273,56,397
TS2216,Kairouan-Nord,TS221,Kairouan,TS22,Centre-ouest,TS2,Centre,0,10009,6304,151,732,564,433,571
TS2217,Kairouan-Sud,TS221,Kairouan,TS22,Centre-ouest,TS2,Centre,0,7744,5725,147,569,503,414,627
TS2218,Nasrallah,TS221,Kairouan,TS22,Centre-ouest,TS2,Centre,0,2365,1745,47,199,60,59,1247
TS2219,Oueslatia,TS221,Kairouan,TS22,Centre-ouest,TS2,Centre,0,1857,3110,86,89,50,56,483
TS2220,El-Ayoun,TS222,Kasserine,TS22,Centre-ouest,TS2,Centre,1,603,724,19,9,13,77,349
TS2221,Ezzouhour,TS222,Kasserine,TS22,Centre-ouest,TS2,Centre,0,4850,5133,76,406,500,234,399
TS2222,Feriana,TS222,Kasserine,TS22,Centre-ouest,TS2,Centre,0,2634,2087,141,114,75,135,428
TS2223,Foussana,TS222,Kasserine,TS22,Centre-ouest,TS2,Centre,0,2335,1694,162,75,54,348,127
TS2224,Hassi-El-Frid,TS222,Kasserine,TS22,Centre-ouest,TS2,Centre,0,1281,1133,24,3,10,11,29
TS2225,Haidra,TS222,Kasserine,TS22,Centre-ouest,TS2,Centre,0,607,763,21,12,11,7,401
TS2226,Jediliane,TS222,Kasserine,TS22,Centre-ouest,TS2,Centre,0,581,1139,139,6,10,59,65
TS2227,Kasserine-Nord,TS222,Kasserine,TS22,Centre-ouest,TS2,Centre,0,4730,6303,114,528,286,380,1361
TS2228,Mejel-Bel-Abbes,TS222,Kasserine,TS22,Centre-ouest,TS2,Centre,0,1005,1403,31,52,99,15,154
TS2229,Sbeitla,TS222,Kasserine,TS22,Centre-ouest,TS2,Centre,0,3777,4054,59,61,88,94,331
TS222A,Sbiba,TS222,Kasserine,TS22,Centre-ouest,TS2,Centre,0,1832,3018,38,28,37,65,481
TS222B,Thala,TS222,Kasserine,TS22,Centre-ouest,TS2,Centre,0,1391,2645,1255,82,116,92,410
TS2230,Bir-El-Haffey,TS223,Sidi Bou Zid,TS22,Centre-ouest,TS2,Centre,1,1214,3038,35,27,66,66,211
TS2231,Jilma,TS223,Sidi Bou Zid,TS22,Centre-ouest,TS2,Centre,0,1654,1320,38,106,308,25,939
TS2232,Mezzouna,TS223,Sidi Bou Zid,TS22,Centre-ouest,TS2,Centre,0,1369,2205,18,38,24,327,494
TS2233,Maknassy,TS223,Sidi Bou Zid,TS22,Centre-ouest,TS2,Centre,0,1332,981,33,34,23,67,1098
TS2234,Menzel-Bouzaiene,TS223,Sidi Bou Zid,TS22,Centre-ouest,TS2,Centre,0,868,1583,342,19,19,21,1447
TS2235,Ouled-Haffouz,TS223,Sidi Bou Zid,TS22,Centre-ouest,TS2,Centre,0,894,1755,38,22,17,17,209
TS2236,Regueb,TS223,Sidi Bou Zid,TS22,Centre-ouest,TS2,Centre,0,3924,4106,66,53,64,77,1193
TS2237,Cebbala-Aouled-Askar,TS223,Sidi Bou Zid,TS22,Centre-ouest,TS2,Centre,0,1236,785,27,67,60,28,238
TS2238,Ben-Oun,TS223,Sidi Bou Zid,TS22,Centre-ouest,TS2,Centre,0,893,1650,19,23,22,26,418
TS2239,Sidi-Bouzid-Est,TS223,Sidi Bou Zid,TS22,Centre-ouest,TS2,Centre,0,1089,2561,35,79,59,64,242
TS223A,Sidi-Bouzid-Ouest,TS223,Sidi Bou Zid,TS22,Centre-ouest,TS2,Centre,0,3887,6195,59,153,122,129,1323
TS223B,Souk-Jedid,TS223,Sidi Bou Zid,TS22,Centre-ouest,TS2,Centre,0,630,1220,14,317,19,20,106
TS3110,Gabes-Ville,TS311,Gabes,TS31,Sud-est,TS3,Sud,1,7582,4152,77,221,640,433,204
TS3111,Gabes-Ouest,TS311,Gabes,TS31,Sud-est,TS3,Sud,0,5081,1591,54,164,336,145,144
TS3112,Gabes-Sud,TS311,Gabes,TS31,Sud-est,TS3,Sud,0,10863,4351,100,296,951,567,485
TS3113,Ghannouch,TS311,Gabes,TS31,Sud-est,TS3,Sud,0,4909,1003,25,159,29,25,8
TS3114,Hamma,TS311,Gabes,TS31,Sud-est,TS3,Sud,0,14404,1752,167,79,133,98,158
TS3115,Mareth,TS311,Gabes,TS31,Sud-est,TS3,Sud,0,7126,3414,119,57,117,79,97
TS3116,Matmata-El-jadida,TS311,Gabes,TS31,Sud-est,TS3,Sud,0,1875,552,23,12,37,25,20
TS3117,Matmata,TS311,Gabes,TS31,Sud-est,TS3,Sud,0,560,185,13,6,18,5,15
TS3118,Menzel-Habib,TS311,Gabes,TS31,Sud-est,TS3,Sud,0,1835,430,26,7,9,35,22
TS3119,Metouia,TS311,Gabes,TS31,Sud-est,TS3,Sud,0,3917,2391,76,51,142,774,281
TS3120,Ben-Guerden,TS312,Medenine,TS31,Sud-est,TS3,Sud,1,10102,1568,43,235,45,44,399
TS3121,Bni-Khdech,TS312,Medenine,TS31,Sud-est,TS3,Sud,0,5021,608,15,36,25,181,48
TS3122,Djerba-Ajim,TS312,Medenine,TS31,Sud-est,TS3,Sud,0,3358,492,86,68,110,39,119
TS3123,Djerba-Midoun,TS312,Medenine,TS31,Sud-est,TS3,Sud,0,7912,1738,87,322,282,167,400
TS3124,Djerba-Houmt-Essouk,TS312,Medenine,TS31,Sud-est,TS3,Sud,0,9854,3477,105,640,883,327,696
TS3125,Medenine-Nord,TS312,Medenine,TS31,Sud-est,TS3,Sud,0,9010,1096,29,93,53,135,101
TS3126,Medenine-Sud,TS312,Medenine,TS31,Sud-est,TS3,Sud,0,10898,1219,48,127,59,87,118
TS3127,Sidi-Makhlouf,TS312,Medenine,TS31,Sud-est,TS3,Sud,0,4013,950,17,123,33,43,30
TS3128,Zarzis,TS312,Medenine,TS31,Sud-est,TS3,Sud,0,8627,3186,422,1422,127,170,877
TS3130,Bir-Lahmar,TS313,Tataouine,TS31,Sud-est,TS3,Sud,1,1208,274,7,0,23,31,13
TS3131,Dhehiba,TS313,Tataouine,TS31,Sud-est,TS3,Sud,0,513,170,3,0,4,43,24
TS3132,Ghomrassen,TS313,Tataouine,TS31,Sud-est,TS3,Sud,0,2522,252,28,0,52,112,53
TS3133,Remada,TS313,Tataouine,TS31,Sud-est,TS3,Sud,0,1376,224,8,0,38,16,14
TS3134,Smar,TS313,Tataouine,TS31,Sud-est,TS3,Sud,0,1963,321,60,0,21,118,15
TS3135,Tataouine-Nord,TS313,Tataouine,TS31,Sud-est,TS3,Sud,0,8398,850,117,0,117,400,59
TS3136,Tataouine-Sud,TS313,Tataouine,TS31,Sud-est,TS3,Sud,0,6790,581,59,0,79,280,42
TS3210,Belkhir,TS321,Gafsa,TS32,Sud-ouest,TS3,Sud,1,1363,710,21,33,15,9,47
TS3211,Gafsa-Nord,TS321,Gafsa,TS32,Sud-ouest,TS3,Sud,0,819,1059,13,15,19,18,80
TS3212,Gafsa-Sud,TS321,Gafsa,TS32,Sud-ouest,TS3,Sud,0,7793,8760,273,338,367,394,1765
TS3213,El-Guettar,TS321,Gafsa,TS32,Sud-ouest,TS3,Sud,0,1352,933,106,24,32,29,354
TS3214,El-Ksar,TS321,Gafsa,TS32,Sud-ouest,TS3,Sud,0,3383,2407,99,104,58,79,863
TS3215,El-Mdhilla,TS321,Gafsa,TS32,Sud-ouest,TS3,Sud,0,1613,855,7,27,98,23,256
TS3216,Metlaoui,TS321,Gafsa,TS32,Sud-ouest,TS3,Sud,0,3887,2123,38,50,171,59,204
TS3217,Moulares,TS321,Gafsa,TS32,Sud-ouest,TS3,Sud,0,2746,1824,46,49,51,35,478
TS3218,Redeyef,TS321,Gafsa,TS32,Sud-ouest,TS3,Sud,0,2054,262,14,42,19,5,838
TS3219,Sned,TS321,Gafsa,TS32,Sud-ouest,TS3,Sud,0,2429,2288,83,49,47,40,713
TS321A,Sidi-Aich,TS321,Gafsa,TS32,Sud-ouest,TS3,Sud,0,826,600,10,12,13,13,66
TS3220,Degueche,TS322,Tozeur,TS32,Sud-ouest,TS3,Sud,1,2178,1226,87,70,53,210,116
TS3221,Hezoua,TS322,Tozeur,TS32,Sud-ouest,TS3,Sud,0,465,116,7,10,4,19,4
TS3222,Nefta,TS322,Tozeur,TS32,Sud-ouest,TS3,Sud,0,2748,1020,65,29,22,190,57
TS3223,Tameghza,TS322,Tozeur,TS32,Sud-ouest,TS3,Sud,0,957,213,82,9,9,12,19
TS3224,Tozeur,TS322,Tozeur,TS32,Sud-ouest,TS3,Sud,0,3816,2270,26,91,185,171,315
TS3230,Faouar,TS323,Kebili,TS32,Sud-ouest,TS3,Sud,1,1861,654,0,0,51,39,65
TS3231,Kebelli-Nord,TS323,Kebili,TS32,Sud-ouest,TS3,Sud,0,3447,1037,0,0,139,177,1024
TS3232,Kebelli-Sud,TS323,Kebili,TS32,Sud-ouest,TS3,Sud,0,5924,1118,0,0,195,86,178
TS3233,Souk-Lahad,TS323,Kebili,TS32,Sud-ouest,TS3,Sud,0,3619,1147,0,0,58,50,142
